"","tract","cbsa","cbsaname","cbsapop","cbsasamp1","cbsasamp2","cbsasamp3","nwhite","nblack","nhisp","nasian","povyes","povno","edlow","edhs","edsome","edba","owner","renter","twoparent","singparent","nokids","age0017","age1859","age60up"
"1","55133203304",33340,"Milwaukee-Waukesha-West Allis, WI CBSA",1555908,1,1,0,3647,50,91,217,27,3730,88,463,795,1142,1285,319,470,98,858,1135,2140,762
"2","55079020700",33340,"Milwaukee-Waukesha-West Allis, WI CBSA",1555908,1,1,0,3616,115,457,52,541,3860,346,1010,964,904,1407,575,283,271,1399,813,2712,786
"3","55079170200",33340,"Milwaukee-Waukesha-West Allis, WI CBSA",1555908,1,1,0,3266,130,341,78,163,3651,284,952,971,586,915,849,216,231,1262,797,2182,890
"4","55133200201",33340,"Milwaukee-Waukesha-West Allis, WI CBSA",1555908,1,1,0,3391,60,37,77,199,3291,231,961,704,898,894,891,230,89,1423,561,1491,1543
"5","55131460102",33340,"Milwaukee-Waukesha-West Allis, WI CBSA",1555908,1,1,0,4855,30,80,45,116,4791,198,1239,1062,1039,1833,65,576,44,1247,1128,2825,1085
"6","55079186600",33340,"Milwaukee-Waukesha-West Allis, WI CBSA",1555908,1,1,0,562,257,1238,47,420,1194,351,406,237,117,242,432,94,136,444,777,1216,159
"7","55133200102",33340,"Milwaukee-Waukesha-West Allis, WI CBSA",1555908,1,1,0,4541,76,133,64,113,4588,450,1117,983,858,1512,788,333,178,1677,905,2800,1147
"8","55133204100",33340,"Milwaukee-Waukesha-West Allis, WI CBSA",1555908,1,1,0,4756,50,122,45,59,5119,90,736,1062,1650,1605,174,686,80,1120,1378,2662,992
"9","55079000700",33340,"Milwaukee-Waukesha-West Allis, WI CBSA",1555908,1,1,0,1143,2197,107,89,336,3373,288,779,865,487,846,610,155,369,947,936,1788,856
"10","55079000800",33340,"Milwaukee-Waukesha-West Allis, WI CBSA",1555908,1,1,0,1228,3342,209,276,911,4203,441,967,969,539,1016,929,317,435,1145,1519,2916,694
"11","55089650300",33340,"Milwaukee-Waukesha-West Allis, WI CBSA",1555908,1,1,0,5199,33,71,47,65,4859,123,691,974,1524,1738,124,599,32,1108,1404,2721,1246
"12","55079120501",33340,"Milwaukee-Waukesha-West Allis, WI CBSA",1555908,1,1,0,3158,148,356,232,261,3890,399,1037,981,574,1147,430,236,153,1231,834,2242,884
"13","55079090300",33340,"Milwaukee-Waukesha-West Allis, WI CBSA",1555908,1,1,0,2564,304,134,224,148,3032,219,521,795,807,774,732,188,184,1162,713,1779,805
"14","55079019400",33340,"Milwaukee-Waukesha-West Allis, WI CBSA",1555908,1,1,0,3008,153,434,78,379,3442,322,1287,575,583,787,943,252,260,1271,789,2086,857
"15","55133201505",33340,"Milwaukee-Waukesha-West Allis, WI CBSA",1555908,1,1,0,2794,13,48,57,76,2849,79,455,615,976,1042,67,349,15,743,694,1641,601
"16","55079019800",33340,"Milwaukee-Waukesha-West Allis, WI CBSA",1555908,1,1,0,3860,195,689,70,389,4575,572,1156,1118,645,1461,724,268,305,1678,999,2800,1114
"17","55133203402",33340,"Milwaukee-Waukesha-West Allis, WI CBSA",1555908,1,1,0,3794,17,72,92,226,3586,140,742,843,774,1065,519,390,87,1055,1076,2252,683
"18","55133203703",33340,"Milwaukee-Waukesha-West Allis, WI CBSA",1555908,1,1,0,3519,38,148,69,74,3320,32,233,536,1277,1094,93,503,51,549,1318,1945,556
"19","55133203303",33340,"Milwaukee-Waukesha-West Allis, WI CBSA",1555908,1,1,0,3595,21,51,47,105,3519,100,732,821,1039,1284,410,296,76,1375,812,2006,931
"20","55079007300",33340,"Milwaukee-Waukesha-West Allis, WI CBSA",1555908,1,1,0,2166,76,84,117,901,1525,34,271,281,644,362,758,125,0,918,142,2119,216
"21","55079140100",33340,"Milwaukee-Waukesha-West Allis, WI CBSA",1555908,1,1,0,2774,12,56,132,238,2762,158,484,439,1224,1003,390,210,37,1122,524,1221,1254
"22","55079180100",33340,"Milwaukee-Waukesha-West Allis, WI CBSA",1555908,1,1,0,2618,61,286,28,362,2698,232,678,701,546,878,487,200,130,1035,609,1840,580
"23","55079008800",33340,"Milwaukee-Waukesha-West Allis, WI CBSA",1555908,1,1,0,23,2012,55,13,968,1084,272,415,193,67,197,536,9,250,328,753,1102,266
"24","55131420401",33340,"Milwaukee-Waukesha-West Allis, WI CBSA",1555908,1,1,0,1825,25,50,9,133,1815,160,511,470,238,447,437,157,81,718,431,1168,334
"25","55079018500",33340,"Milwaukee-Waukesha-West Allis, WI CBSA",1555908,1,1,0,1277,27,282,16,18,1660,82,348,518,216,543,148,158,52,530,346,954,333
"26","55079170500",33340,"Milwaukee-Waukesha-West Allis, WI CBSA",1555908,1,1,0,2172,67,183,13,251,1554,217,486,448,143,476,533,166,113,520,485,1235,751
"27","55079187000",33340,"Milwaukee-Waukesha-West Allis, WI CBSA",1555908,1,1,0,2724,294,115,121,638,2510,247,197,416,1428,403,1749,38,37,1973,105,2541,642
"28","55079019900",33340,"Milwaukee-Waukesha-West Allis, WI CBSA",1555908,1,1,0,2701,83,555,85,264,2950,335,967,622,387,1109,388,205,166,1055,762,2006,711
"29","55131450103",33340,"Milwaukee-Waukesha-West Allis, WI CBSA",1555908,1,1,0,4882,58,102,31,67,4681,241,1223,955,880,1652,422,487,142,1229,1228,2977,904
"30","55133204003",33340,"Milwaukee-Waukesha-West Allis, WI CBSA",1555908,1,1,0,3585,27,136,31,292,3598,178,995,939,743,1019,427,426,114,978,986,2055,785
"31","55079110100",33340,"Milwaukee-Waukesha-West Allis, WI CBSA",1555908,1,1,0,2496,468,1134,142,704,3516,468,1098,851,536,712,1295,284,296,1649,976,2710,619
"32","55089990000",33340,"Milwaukee-Waukesha-West Allis, WI CBSA",1555908,1,1,0,0,0,0,0,0,0,0,0,0,0,0,0,0,0,0,0,0,0
"33","55133202002",33340,"Milwaukee-Waukesha-West Allis, WI CBSA",1555908,1,1,0,3834,39,98,20,127,3715,151,956,911,732,1360,136,388,35,1046,924,2248,858
"34","55133204501",33340,"Milwaukee-Waukesha-West Allis, WI CBSA",1555908,1,1,0,2376,19,54,13,4,2339,140,414,528,480,783,99,218,72,565,622,1418,455
"35","55133204400",33340,"Milwaukee-Waukesha-West Allis, WI CBSA",1555908,1,1,0,1986,16,40,18,15,2040,58,323,434,739,695,198,213,7,632,464,991,624
"36","55079012300",33340,"Milwaukee-Waukesha-West Allis, WI CBSA",1555908,1,1,0,133,810,84,85,354,450,142,176,196,41,102,411,13,103,386,322,698,102
"37","55133203405",33340,"Milwaukee-Waukesha-West Allis, WI CBSA",1555908,1,1,0,3893,35,88,81,130,3766,20,388,725,1122,1190,54,588,114,535,1498,2267,374
"38","55079185300",33340,"Milwaukee-Waukesha-West Allis, WI CBSA",1555908,1,1,0,3019,167,116,104,204,3124,224,542,637,1152,980,560,299,14,1171,645,1889,904
"39","55133201404",33340,"Milwaukee-Waukesha-West Allis, WI CBSA",1555908,1,1,0,3571,31,76,121,43,4044,128,807,879,1197,1236,389,428,17,1269,683,2096,1065
"40","55079005400",33340,"Milwaukee-Waukesha-West Allis, WI CBSA",1555908,1,1,0,2683,676,196,92,591,3028,325,815,1010,794,1223,532,273,115,1247,801,2024,865
"41","55133203102",33340,"Milwaukee-Waukesha-West Allis, WI CBSA",1555908,1,1,0,5940,115,473,136,316,6102,518,1510,1351,1595,2031,657,692,189,1800,1559,3601,1541
"42","55079020600",33340,"Milwaukee-Waukesha-West Allis, WI CBSA",1555908,1,1,0,2767,88,509,50,188,3227,261,884,683,819,1135,482,227,139,1219,681,2224,620
"43","55079000501",33340,"Milwaukee-Waukesha-West Allis, WI CBSA",1555908,1,1,0,1588,1471,191,146,289,3013,176,675,794,411,625,669,399,219,705,1023,2019,408
"44","55079018700",33340,"Milwaukee-Waukesha-West Allis, WI CBSA",1555908,1,1,0,707,239,2827,48,886,2225,562,817,260,71,446,735,286,215,571,1372,2213,291
"45","55089660201",33340,"Milwaukee-Waukesha-West Allis, WI CBSA",1555908,1,1,0,3479,151,84,200,62,3853,113,390,646,1496,1280,86,432,47,873,1065,2188,701
"46","55079006000",33340,"Milwaukee-Waukesha-West Allis, WI CBSA",1555908,1,1,0,178,2363,78,35,794,1612,329,565,336,154,256,654,106,268,505,1007,1475,176
"47","55079185600",33340,"Milwaukee-Waukesha-West Allis, WI CBSA",1555908,1,1,0,250,1415,71,15,908,1218,382,443,316,149,229,505,8,325,525,512,952,312
"48","55079006500",33340,"Milwaukee-Waukesha-West Allis, WI CBSA",1555908,1,1,0,21,2531,55,9,1086,1250,310,438,396,67,288,554,61,370,392,941,1351,336
"49","55079006200",33340,"Milwaukee-Waukesha-West Allis, WI CBSA",1555908,1,1,0,71,2741,73,24,1396,1675,356,528,342,104,276,626,98,459,450,1145,1520,258
"50","55133201800",33340,"Milwaukee-Waukesha-West Allis, WI CBSA",1555908,1,1,0,1434,6,32,14,63,1455,22,430,276,337,485,72,181,26,352,355,807,341
"51","55079019300",33340,"Milwaukee-Waukesha-West Allis, WI CBSA",1555908,1,1,0,2154,51,289,32,69,2540,133,860,520,424,924,178,234,56,805,517,1525,515
"52","55079185700",33340,"Milwaukee-Waukesha-West Allis, WI CBSA",1555908,1,1,0,56,1967,85,4,1107,892,377,359,266,81,208,525,109,207,483,790,1102,232
"53","55079007200",33340,"Milwaukee-Waukesha-West Allis, WI CBSA",1555908,1,1,0,1729,649,341,26,398,2429,265,409,549,873,631,846,202,88,1199,465,1981,345
"54","55079012800",33340,"Milwaukee-Waukesha-West Allis, WI CBSA",1555908,1,1,0,2335,199,252,136,499,2315,157,413,621,527,572,609,171,97,930,502,2065,391
"55","55133204301",33340,"Milwaukee-Waukesha-West Allis, WI CBSA",1555908,1,1,0,4658,23,81,65,15,4696,85,1048,952,1198,1633,294,553,138,1172,1226,2635,991
"56","55079000304",33340,"Milwaukee-Waukesha-West Allis, WI CBSA",1555908,1,1,0,1327,1603,133,286,288,3158,134,589,671,833,1030,114,180,234,774,898,1774,710
"57","55079005500",33340,"Milwaukee-Waukesha-West Allis, WI CBSA",1555908,1,1,0,2748,315,137,72,102,3345,143,682,757,989,1186,225,309,109,1045,776,1930,612
"58","55079002400",33340,"Milwaukee-Waukesha-West Allis, WI CBSA",1555908,1,1,0,88,2073,48,27,829,1260,323,411,274,46,290,538,51,346,356,774,1223,247
"59","55133200101",33340,"Milwaukee-Waukesha-West Allis, WI CBSA",1555908,1,1,0,4169,88,101,89,153,4042,196,976,777,1146,1296,536,316,165,1354,964,2348,1168
"60","55133201102",33340,"Milwaukee-Waukesha-West Allis, WI CBSA",1555908,1,1,0,2532,40,120,144,42,2800,63,449,606,888,1082,38,332,34,745,619,1495,753
"61","55079187300",33340,"Milwaukee-Waukesha-West Allis, WI CBSA",1555908,1,1,0,5422,97,271,389,172,6045,149,898,1245,1550,2054,161,764,127,1122,1700,3588,1005
"62","55079005100",33340,"Milwaukee-Waukesha-West Allis, WI CBSA",1555908,1,1,0,664,2476,128,107,1002,2126,330,602,693,386,582,936,139,305,1150,908,1991,502
"63","55079180500",33340,"Milwaukee-Waukesha-West Allis, WI CBSA",1555908,1,1,0,3941,140,373,95,322,3881,251,1150,792,811,1381,625,258,185,1436,937,2377,1282
"64","55133204004",33340,"Milwaukee-Waukesha-West Allis, WI CBSA",1555908,1,1,0,4221,33,57,26,65,4149,59,684,1061,1264,1534,71,477,37,1072,933,2417,1029
"65","55131410100",33340,"Milwaukee-Waukesha-West Allis, WI CBSA",1555908,1,1,0,4834,34,117,33,235,4932,309,1215,1193,799,1487,495,471,194,1398,1266,2858,933
"66","55133202201",33340,"Milwaukee-Waukesha-West Allis, WI CBSA",1555908,1,1,0,3907,57,248,81,180,4173,73,772,812,1246,1335,162,440,108,990,1176,2348,805
"67","55079001500",33340,"Milwaukee-Waukesha-West Allis, WI CBSA",1555908,1,1,0,451,1966,109,631,975,2121,494,626,358,244,501,558,207,279,541,1092,1683,398
"68","55079101600",33340,"Milwaukee-Waukesha-West Allis, WI CBSA",1555908,1,1,0,3570,188,710,38,406,3788,372,995,1072,736,1210,777,273,165,1552,959,2743,880
"69","55079019700",33340,"Milwaukee-Waukesha-West Allis, WI CBSA",1555908,1,1,0,4166,206,651,182,643,4275,369,1090,1226,702,1236,997,404,252,1544,1214,3118,1012
"70","55079016400",33340,"Milwaukee-Waukesha-West Allis, WI CBSA",1555908,1,1,0,456,527,3820,106,1806,2256,1318,530,288,25,330,946,326,303,584,1755,2894,299
"71","55079060101",33340,"Milwaukee-Waukesha-West Allis, WI CBSA",1555908,1,1,0,3107,580,148,154,279,3665,109,592,599,1552,1209,553,380,31,1362,792,2195,1051
"72","55079020900",33340,"Milwaukee-Waukesha-West Allis, WI CBSA",1555908,1,1,0,2098,59,320,36,143,2482,186,648,580,410,788,291,336,130,614,584,1556,413
"73","55079000303",33340,"Milwaukee-Waukesha-West Allis, WI CBSA",1555908,1,1,0,874,763,104,97,298,1603,131,444,440,114,400,264,115,125,432,572,1049,252
"74","55079016900",33340,"Milwaukee-Waukesha-West Allis, WI CBSA",1555908,1,1,0,573,362,3090,39,2655,1999,1055,949,467,73,354,839,171,499,575,1491,2276,363
"75","55079091400",33340,"Milwaukee-Waukesha-West Allis, WI CBSA",1555908,1,1,0,1958,93,84,31,268,1989,62,190,341,828,640,313,222,87,610,507,1369,319
"76","55079013500",33340,"Milwaukee-Waukesha-West Allis, WI CBSA",1555908,1,1,0,266,1477,135,3,900,1025,295,503,301,110,47,982,0,149,869,374,1365,172
"77","55079007100",33340,"Milwaukee-Waukesha-West Allis, WI CBSA",1555908,1,1,0,1251,340,269,13,458,1460,213,167,375,396,311,612,31,157,723,317,1456,139
"78","55079091100",33340,"Milwaukee-Waukesha-West Allis, WI CBSA",1555908,1,1,0,3975,84,94,54,202,4014,31,317,670,1846,1371,309,486,101,1089,1138,2349,763
"79","55079004400",33340,"Milwaukee-Waukesha-West Allis, WI CBSA",1555908,1,1,0,680,2385,147,94,1621,2155,413,553,559,509,266,1304,33,491,1116,750,2127,456
"80","55079100800",33340,"Milwaukee-Waukesha-West Allis, WI CBSA",1555908,1,1,0,2715,56,119,44,224,2612,273,890,635,547,1038,276,170,96,1041,581,1675,719
"81","55079019500",33340,"Milwaukee-Waukesha-West Allis, WI CBSA",1555908,1,1,0,2813,99,332,41,274,3081,320,872,553,597,929,364,387,85,852,854,1857,639
"82","55079007800",33340,"Milwaukee-Waukesha-West Allis, WI CBSA",1555908,1,1,0,3109,109,106,86,1716,1412,120,137,321,606,251,1282,76,0,1300,154,3070,222
"83","55079014400",33340,"Milwaukee-Waukesha-West Allis, WI CBSA",1555908,1,1,0,2058,120,108,285,259,1713,48,80,131,1131,292,1097,0,10,1341,71,2361,180
"84","55079185900",33340,"Milwaukee-Waukesha-West Allis, WI CBSA",1555908,1,1,0,41,1058,28,74,673,349,217,178,46,73,169,221,52,113,175,440,646,127
"85","55079001300",33340,"Milwaukee-Waukesha-West Allis, WI CBSA",1555908,1,1,0,557,2597,170,388,1476,2649,423,927,593,266,669,589,163,491,629,1306,2010,417
"86","55079101300",33340,"Milwaukee-Waukesha-West Allis, WI CBSA",1555908,1,1,0,2789,79,185,51,317,2668,163,870,740,335,981,429,218,137,996,570,1909,663
"87","55079018800",33340,"Milwaukee-Waukesha-West Allis, WI CBSA",1555908,1,1,0,303,120,1570,48,816,1065,595,273,143,88,248,340,79,178,321,755,1163,148
"88","55079011000",33340,"Milwaukee-Waukesha-West Allis, WI CBSA",1555908,1,1,0,2618,466,147,126,446,2564,137,317,548,1331,322,1960,18,0,2240,92,2703,633
"89","55131470204",33340,"Milwaukee-Waukesha-West Allis, WI CBSA",1555908,1,1,0,3814,147,78,239,37,4381,102,493,633,1384,1335,33,743,69,534,1482,2350,494
"90","55079100400",33340,"Milwaukee-Waukesha-West Allis, WI CBSA",1555908,1,1,0,2330,130,212,44,389,2333,173,541,662,397,529,763,196,162,857,572,1695,534
"91","55079100600",33340,"Milwaukee-Waukesha-West Allis, WI CBSA",1555908,1,1,0,1848,64,132,25,122,1899,109,591,446,291,683,234,175,29,712,419,1340,344
"92","55089660303",33340,"Milwaukee-Waukesha-West Allis, WI CBSA",1555908,1,1,0,4429,111,88,154,95,4623,103,403,693,2281,1711,347,372,154,1496,1053,2230,1539
"93","55133200801",33340,"Milwaukee-Waukesha-West Allis, WI CBSA",1555908,1,1,0,4750,44,74,205,21,5150,54,538,819,1907,1718,35,690,101,940,1432,2793,889
"94","55089630100",33340,"Milwaukee-Waukesha-West Allis, WI CBSA",1555908,1,1,0,2485,36,96,12,276,2383,191,667,494,323,621,586,173,219,809,524,1645,486
"95","55079009700",33340,"Milwaukee-Waukesha-West Allis, WI CBSA",1555908,1,1,0,84,1001,24,804,1180,863,199,284,293,13,199,266,62,321,169,841,995,103
"96","55079120101",33340,"Milwaukee-Waukesha-West Allis, WI CBSA",1555908,1,1,0,3523,68,186,130,173,3666,259,674,959,864,974,772,397,135,1147,773,2135,1045
"97","55133203702",33340,"Milwaukee-Waukesha-West Allis, WI CBSA",1555908,1,1,0,4581,225,154,61,52,4750,121,724,958,1568,1577,228,457,119,1233,1356,2546,1144
"98","55079017000",33340,"Milwaukee-Waukesha-West Allis, WI CBSA",1555908,1,1,0,1204,361,4246,164,2036,3982,1480,1322,631,195,682,1150,506,460,1011,2077,3351,684
"99","55089610101",33340,"Milwaukee-Waukesha-West Allis, WI CBSA",1555908,1,1,0,4162,38,94,9,325,4046,251,1058,1048,647,1317,316,477,98,1079,1082,2514,735
"100","55079100900",33340,"Milwaukee-Waukesha-West Allis, WI CBSA",1555908,1,1,0,2895,211,287,222,544,3092,411,944,874,479,832,1095,162,231,1568,658,2299,705
"101","55133202103",33340,"Milwaukee-Waukesha-West Allis, WI CBSA",1555908,1,1,0,3031,53,138,164,51,3183,98,444,581,996,1026,228,415,48,739,837,1938,634
"102","55079009600",33340,"Milwaukee-Waukesha-West Allis, WI CBSA",1555908,1,1,0,100,1836,113,256,767,1203,311,267,267,85,176,446,133,179,253,1059,1132,126
"103","55079003900",33340,"Milwaukee-Waukesha-West Allis, WI CBSA",1555908,1,1,0,91,2454,56,23,459,2189,267,787,466,221,507,564,118,346,695,790,1407,433
"104","55079001400",33340,"Milwaukee-Waukesha-West Allis, WI CBSA",1555908,1,1,0,371,1528,83,593,1190,1365,268,455,344,168,286,581,86,436,419,985,1401,209
"105","55133201506",33340,"Milwaukee-Waukesha-West Allis, WI CBSA",1555908,1,1,0,4394,33,97,141,128,4639,143,1004,937,1349,1701,378,580,66,1299,902,2511,1284
"106","55079016600",33340,"Milwaukee-Waukesha-West Allis, WI CBSA",1555908,1,1,0,423,441,1397,11,893,1680,567,479,127,78,169,612,203,281,324,781,1396,136
"107","55079007900",33340,"Milwaukee-Waukesha-West Allis, WI CBSA",1555908,1,1,0,1721,249,168,40,422,1283,56,229,373,618,279,673,95,28,804,186,1878,160
"108","55079005700",33340,"Milwaukee-Waukesha-West Allis, WI CBSA",1555908,1,1,0,1829,392,79,36,103,2261,72,531,424,799,787,312,196,19,926,499,1542,330
"109","55079004900",33340,"Milwaukee-Waukesha-West Allis, WI CBSA",1555908,1,1,0,711,3583,148,36,955,3378,219,1072,830,594,854,804,241,377,1055,1390,2575,541
"110","55079090200",33340,"Milwaukee-Waukesha-West Allis, WI CBSA",1555908,1,1,0,1588,103,38,49,87,1808,218,214,296,729,727,50,152,58,519,370,958,472
"111","55079005900",33340,"Milwaukee-Waukesha-West Allis, WI CBSA",1555908,1,1,0,905,2348,205,115,870,2614,317,635,822,375,645,746,187,302,888,1111,2181,322
"112","55079120502",33340,"Milwaukee-Waukesha-West Allis, WI CBSA",1555908,1,1,0,4275,127,438,334,362,4406,468,937,1508,1062,1584,1104,206,160,2107,713,2640,1893
"113","55079186900",33340,"Milwaukee-Waukesha-West Allis, WI CBSA",1555908,1,1,0,1854,112,68,153,183,1584,63,207,275,1171,284,1138,34,18,1286,47,1348,818
"114","55079160204",33340,"Milwaukee-Waukesha-West Allis, WI CBSA",1555908,1,1,0,3731,296,421,447,396,4457,323,1018,1079,1018,621,1949,346,195,1990,907,3208,847
"115","55079018000",33340,"Milwaukee-Waukesha-West Allis, WI CBSA",1555908,1,1,0,2173,128,347,26,154,2727,305,548,592,754,506,911,152,118,1131,389,2006,354
"116","55133201000",33340,"Milwaukee-Waukesha-West Allis, WI CBSA",1555908,1,1,0,5648,38,118,156,156,5839,44,424,811,2931,2180,189,626,106,1643,1429,2802,1796
"117","55079017500",33340,"Milwaukee-Waukesha-West Allis, WI CBSA",1555908,1,1,0,594,366,3069,83,1315,2470,957,687,265,85,387,822,203,364,598,1548,2380,257
"118","55131420300",33340,"Milwaukee-Waukesha-West Allis, WI CBSA",1555908,1,1,0,5364,136,283,17,820,4658,532,1279,1150,849,1449,847,478,270,1513,1541,3187,1145
"119","55079021700",33340,"Milwaukee-Waukesha-West Allis, WI CBSA",1555908,1,1,0,4713,152,890,249,460,5394,525,1653,1382,689,1857,534,525,152,1615,1384,3430,1328
"120","55079030100",33340,"Milwaukee-Waukesha-West Allis, WI CBSA",1555908,1,1,0,3800,158,121,162,128,4099,40,304,803,1954,1458,338,467,70,1206,1015,2028,1257
"121","55079017600",33340,"Milwaukee-Waukesha-West Allis, WI CBSA",1555908,1,1,0,508,168,2362,104,1103,2162,663,601,245,68,272,608,214,267,439,1219,1790,186
"122","55079020200",33340,"Milwaukee-Waukesha-West Allis, WI CBSA",1555908,1,1,0,1691,99,1084,93,238,2507,292,695,481,373,871,344,258,101,727,771,1800,453
"123","55079186000",33340,"Milwaukee-Waukesha-West Allis, WI CBSA",1555908,1,1,0,166,1248,28,4,623,845,577,203,162,241,94,639,43,114,719,351,709,391
"124","55079100200",33340,"Milwaukee-Waukesha-West Allis, WI CBSA",1555908,1,1,0,2576,292,647,84,649,3177,413,1012,740,309,616,1080,304,216,1149,877,2267,580
"125","55133202800",33340,"Milwaukee-Waukesha-West Allis, WI CBSA",1555908,1,1,0,2686,104,1297,88,661,3215,581,874,792,431,864,684,384,280,972,932,2679,608
"126","55079008000",33340,"Milwaukee-Waukesha-West Allis, WI CBSA",1555908,1,1,0,1151,375,361,25,892,1395,365,177,358,344,243,667,100,136,703,326,1458,167
"127","55131400103",33340,"Milwaukee-Waukesha-West Allis, WI CBSA",1555908,1,1,0,3862,31,67,34,135,3759,163,1088,1170,364,1375,87,476,33,1026,975,2322,717
"128","55079000202",33340,"Milwaukee-Waukesha-West Allis, WI CBSA",1555908,1,1,0,2310,3156,253,287,1115,4899,440,977,1210,1069,1248,1086,467,549,1318,1837,3551,713
"129","55133203101",33340,"Milwaukee-Waukesha-West Allis, WI CBSA",1555908,1,1,0,5669,111,326,364,99,6578,93,957,1042,2406,1763,904,714,223,1768,1598,3909,1029
"130","55079003100",33340,"Milwaukee-Waukesha-West Allis, WI CBSA",1555908,1,1,0,397,2696,132,315,591,2810,395,659,498,313,812,432,317,320,575,1154,1988,430
"131","55133200500",33340,"Milwaukee-Waukesha-West Allis, WI CBSA",1555908,1,1,0,4931,218,94,366,58,5575,222,783,814,1953,1915,67,871,52,1009,1691,3087,889
"132","55079100300",33340,"Milwaukee-Waukesha-West Allis, WI CBSA",1555908,1,1,0,2268,232,424,56,578,2127,268,706,466,317,510,871,128,204,988,722,1797,548
"133","55089660100",33340,"Milwaukee-Waukesha-West Allis, WI CBSA",1555908,1,1,0,2956,78,90,68,117,3117,115,474,823,923,1057,475,271,129,1150,673,1671,891
"134","55079035100",33340,"Milwaukee-Waukesha-West Allis, WI CBSA",1555908,1,1,0,2113,22,37,55,63,2069,0,52,203,1229,827,17,285,34,503,627,1086,544
"135","55131420103",33340,"Milwaukee-Waukesha-West Allis, WI CBSA",1555908,1,1,0,5782,32,132,50,266,6097,336,1575,1333,1435,1682,704,571,192,1936,1291,3158,1590
"136","55079090900",33340,"Milwaukee-Waukesha-West Allis, WI CBSA",1555908,1,1,0,3208,276,142,156,80,3203,182,496,741,1268,918,719,262,162,1081,916,2310,611
"137","55079007500",33340,"Milwaukee-Waukesha-West Allis, WI CBSA",1555908,1,1,0,2456,78,64,63,504,1846,22,152,187,1178,581,423,154,70,710,422,1912,372
"138","55079101000",33340,"Milwaukee-Waukesha-West Allis, WI CBSA",1555908,1,1,0,4041,423,362,230,407,5277,262,1355,1215,813,986,1338,276,376,1879,1041,2969,1111
"139","55133203902",33340,"Milwaukee-Waukesha-West Allis, WI CBSA",1555908,1,1,0,4074,22,136,44,265,4043,209,800,1055,810,1072,643,412,253,1190,1155,2459,694
"140","55079101200",33340,"Milwaukee-Waukesha-West Allis, WI CBSA",1555908,1,1,0,2996,33,128,34,154,2595,163,848,729,425,903,571,232,65,1072,517,1560,1163
"141","55089660301",33340,"Milwaukee-Waukesha-West Allis, WI CBSA",1555908,1,1,0,5281,138,110,130,31,6114,159,475,1109,2633,2061,197,668,52,1672,1269,2667,1763
"142","55079004500",33340,"Milwaukee-Waukesha-West Allis, WI CBSA",1555908,1,1,0,44,2324,87,23,1530,1566,468,463,461,157,396,515,133,367,480,756,1348,374
"143","55079020800",33340,"Milwaukee-Waukesha-West Allis, WI CBSA",1555908,1,1,0,2647,40,209,40,281,2723,61,468,701,1059,941,540,203,86,1128,466,2015,528
"144","55131470100",33340,"Milwaukee-Waukesha-West Allis, WI CBSA",1555908,1,1,0,4825,85,85,123,185,4650,123,1243,1043,926,1836,167,430,253,1261,1180,2687,1290
"145","55133203901",33340,"Milwaukee-Waukesha-West Allis, WI CBSA",1555908,1,1,0,4275,25,157,34,236,4051,286,980,953,705,1409,321,497,193,944,1134,2469,929
"146","55079011200",33340,"Milwaukee-Waukesha-West Allis, WI CBSA",1555908,1,1,0,1710,293,124,55,537,1875,105,355,388,750,371,999,65,42,1258,134,1859,226
"147","55089620100",33340,"Milwaukee-Waukesha-West Allis, WI CBSA",1555908,1,1,0,5777,68,169,25,374,5726,331,1330,1419,871,1702,732,587,163,1618,1440,3572,1067
"148","55079003200",33340,"Milwaukee-Waukesha-West Allis, WI CBSA",1555908,1,1,0,437,1944,80,344,482,2295,228,536,656,230,688,296,230,234,530,857,1577,385
"149","55079040100",33340,"Milwaukee-Waukesha-West Allis, WI CBSA",1555908,1,1,0,1277,99,66,120,44,1604,15,123,133,913,567,28,165,26,399,384,726,487
"150","55079004200",33340,"Milwaukee-Waukesha-West Allis, WI CBSA",1555908,1,1,0,78,2873,76,5,891,2202,416,570,503,123,434,703,85,357,623,922,1668,457
"151","55133203103",33340,"Milwaukee-Waukesha-West Allis, WI CBSA",1555908,1,1,0,3601,116,683,80,270,4087,214,1394,877,578,1228,711,408,123,1433,1069,2721,738
"152","55079013700",33340,"Milwaukee-Waukesha-West Allis, WI CBSA",1555908,1,1,0,151,1141,153,100,1093,713,267,277,210,45,72,686,24,269,452,465,966,147
"153","55133202202",33340,"Milwaukee-Waukesha-West Allis, WI CBSA",1555908,1,1,0,4234,243,1015,209,1165,4271,293,1599,1100,782,864,1727,254,372,2038,1336,3540,898
"154","55079018300",33340,"Milwaukee-Waukesha-West Allis, WI CBSA",1555908,1,1,0,1925,97,251,22,272,2082,172,384,613,675,558,562,188,70,888,418,1629,297
"155","55131430100",33340,"Milwaukee-Waukesha-West Allis, WI CBSA",1555908,1,1,0,5473,40,101,17,278,5158,256,1675,1264,585,1819,260,518,137,1367,1382,3379,903
"156","55079120300",33340,"Milwaukee-Waukesha-West Allis, WI CBSA",1555908,1,1,0,1590,41,268,47,40,1793,59,468,427,375,678,157,114,73,602,444,1165,378
"157","55133202901",33340,"Milwaukee-Waukesha-West Allis, WI CBSA",1555908,1,1,0,3432,105,329,519,314,4122,102,576,971,1388,951,976,340,199,1438,855,2873,724
"158","55079021200",33340,"Milwaukee-Waukesha-West Allis, WI CBSA",1555908,1,1,0,1566,59,323,97,155,1584,250,560,390,218,675,315,107,15,819,388,1228,481
"159","55133203305",33340,"Milwaukee-Waukesha-West Allis, WI CBSA",1555908,1,1,0,4060,41,99,84,124,4203,81,718,845,1467,1543,262,448,0,1313,1005,2407,916
"160","55079001600",33340,"Milwaukee-Waukesha-West Allis, WI CBSA",1555908,1,1,0,473,2200,124,158,866,2070,159,654,534,250,451,555,70,392,610,1105,1636,249
"161","55133202301",33340,"Milwaukee-Waukesha-West Allis, WI CBSA",1555908,1,1,0,3820,125,413,89,212,4314,97,859,1006,1066,1189,529,518,127,1114,1159,2533,802
"162","55079004000",33340,"Milwaukee-Waukesha-West Allis, WI CBSA",1555908,1,1,0,116,2478,51,8,1465,1275,303,496,489,132,377,625,64,540,450,993,1396,273
"163","55079001000",33340,"Milwaukee-Waukesha-West Allis, WI CBSA",1555908,1,1,0,619,2786,149,68,457,2989,383,793,805,371,717,609,146,334,974,1217,2058,379
"164","55079012600",33340,"Milwaukee-Waukesha-West Allis, WI CBSA",1555908,1,1,0,1752,148,198,33,206,1840,81,571,405,428,593,497,99,115,858,388,1431,350
"165","55133200300",33340,"Milwaukee-Waukesha-West Allis, WI CBSA",1555908,1,1,0,3807,112,87,128,202,3752,198,944,908,668,1460,144,368,150,1016,955,2384,839
"166","55079003600",33340,"Milwaukee-Waukesha-West Allis, WI CBSA",1555908,1,1,0,194,1582,71,30,236,1365,234,462,388,122,404,328,72,163,532,536,1083,274
"167","55079015800",33340,"Milwaukee-Waukesha-West Allis, WI CBSA",1555908,1,1,0,409,440,2080,110,1311,2256,882,550,274,47,224,717,220,272,532,1031,1817,210
"168","55079035200",33340,"Milwaukee-Waukesha-West Allis, WI CBSA",1555908,1,1,0,3885,179,125,187,144,4099,60,370,600,2038,1456,443,497,22,1334,901,2357,1177
"169","55133200902",33340,"Milwaukee-Waukesha-West Allis, WI CBSA",1555908,1,1,0,3640,45,71,199,49,3890,46,499,554,1634,1429,55,385,49,972,949,1966,1090
"170","55133201703",33340,"Milwaukee-Waukesha-West Allis, WI CBSA",1555908,1,1,0,5824,24,156,39,216,5738,261,1113,1294,1342,1664,760,721,211,1497,1569,3349,1179
"171","55079090100",33340,"Milwaukee-Waukesha-West Allis, WI CBSA",1555908,1,1,0,3665,530,144,161,64,4227,241,904,1374,1022,1292,688,407,156,1460,909,2253,1396
"172","55079000502",33340,"Milwaukee-Waukesha-West Allis, WI CBSA",1555908,1,1,0,751,3722,188,184,1444,2431,464,857,986,146,410,1157,219,543,661,1753,2608,517
"173","55079007700",33340,"Milwaukee-Waukesha-West Allis, WI CBSA",1555908,1,1,0,3149,228,135,232,1266,2719,84,279,604,893,314,1928,113,70,1980,137,3404,266
"174","55133202700",33340,"Milwaukee-Waukesha-West Allis, WI CBSA",1555908,1,1,0,1177,75,227,47,304,1396,269,257,373,199,108,920,75,52,875,182,1008,362
"175","55079021400",33340,"Milwaukee-Waukesha-West Allis, WI CBSA",1555908,1,1,0,1812,211,916,261,976,2180,326,809,534,257,360,1052,147,255,1015,822,1884,582
"176","55079091000",33340,"Milwaukee-Waukesha-West Allis, WI CBSA",1555908,1,1,0,3779,375,190,54,204,4087,31,312,858,1851,1258,681,324,229,1367,1097,2875,466
"177","55079000301",33340,"Milwaukee-Waukesha-West Allis, WI CBSA",1555908,1,1,0,1229,172,38,28,40,1338,56,319,370,301,625,33,142,10,451,311,830,342
"178","55079006600",33340,"Milwaukee-Waukesha-West Allis, WI CBSA",1555908,1,1,0,22,2937,78,1,1388,1616,502,700,457,86,311,728,0,373,727,1092,1571,390
"179","55079001200",33340,"Milwaukee-Waukesha-West Allis, WI CBSA",1555908,1,1,0,197,2066,47,662,1144,1656,515,297,386,133,242,705,75,432,449,1243,1558,184
"180","55079005300",33340,"Milwaukee-Waukesha-West Allis, WI CBSA",1555908,1,1,0,1267,465,106,36,143,2024,124,384,305,594,609,238,188,131,526,466,1200,254
"181","55133202001",33340,"Milwaukee-Waukesha-West Allis, WI CBSA",1555908,1,1,0,4786,31,86,39,191,4733,107,1052,1319,1021,1744,92,555,79,1140,1065,2897,1033
"182","55079016700",33340,"Milwaukee-Waukesha-West Allis, WI CBSA",1555908,1,1,0,392,336,2552,27,1238,1920,754,597,178,175,220,832,233,288,544,1176,1980,199
"183","55079185100",33340,"Milwaukee-Waukesha-West Allis, WI CBSA",1555908,1,1,0,3591,127,312,112,512,3456,297,1012,919,995,1042,1098,204,131,1591,572,2607,1031
"184","55079160300",33340,"Milwaukee-Waukesha-West Allis, WI CBSA",1555908,1,1,0,8245,239,615,313,96,9225,407,1537,2317,1645,3015,153,1254,168,1560,2790,5624,1168
"185","55079017400",33340,"Milwaukee-Waukesha-West Allis, WI CBSA",1555908,1,1,0,521,294,2053,48,1191,1839,910,363,231,101,270,567,252,259,393,1097,1670,186
"186","55133204002",33340,"Milwaukee-Waukesha-West Allis, WI CBSA",1555908,1,1,0,5268,18,125,27,180,4879,101,1081,1075,1034,1756,166,649,117,1033,1534,3186,759
"187","55131450104",33340,"Milwaukee-Waukesha-West Allis, WI CBSA",1555908,1,1,0,6032,44,109,46,113,6005,463,1225,1382,1305,2070,382,723,91,1586,1531,3527,1206
"188","55079186300",33340,"Milwaukee-Waukesha-West Allis, WI CBSA",1555908,1,1,0,1490,1488,163,77,230,974,291,322,439,548,126,620,7,0,750,93,3062,113
"189","55079017300",33340,"Milwaukee-Waukesha-West Allis, WI CBSA",1555908,1,1,0,720,174,2827,105,966,2942,973,550,420,158,509,557,303,237,589,1418,2202,274
"190","55079050101",33340,"Milwaukee-Waukesha-West Allis, WI CBSA",1555908,1,1,0,3800,1503,244,348,289,5456,224,997,1194,1595,2101,338,503,190,1593,1306,3368,1316
"191","55079002900",33340,"Milwaukee-Waukesha-West Allis, WI CBSA",1555908,1,1,0,256,1687,115,102,322,1318,184,399,358,90,406,317,50,180,438,751,1221,207
"192","55079007400",33340,"Milwaukee-Waukesha-West Allis, WI CBSA",1555908,1,1,0,3654,165,171,76,395,1074,12,66,165,588,371,184,68,33,494,244,3626,252
"193","55079101700",33340,"Milwaukee-Waukesha-West Allis, WI CBSA",1555908,1,1,0,2819,156,288,39,427,3132,153,916,971,496,971,530,281,131,1153,729,2165,475
"194","55079180200",33340,"Milwaukee-Waukesha-West Allis, WI CBSA",1555908,1,1,0,3686,145,552,55,740,3985,538,1129,1077,469,1003,1050,342,278,1445,992,2798,746
"195","55079004100",33340,"Milwaukee-Waukesha-West Allis, WI CBSA",1555908,1,1,0,109,2370,58,17,661,2228,262,640,544,216,492,489,147,257,611,801,1396,368
"196","55079000201",33340,"Milwaukee-Waukesha-West Allis, WI CBSA",1555908,1,1,0,1103,3296,840,163,2049,3010,492,1030,746,409,457,1578,261,531,1137,1984,2767,699
"197","55089660202",33340,"Milwaukee-Waukesha-West Allis, WI CBSA",1555908,1,1,0,5013,233,142,225,437,4285,79,483,736,1963,1417,486,353,124,1328,1050,3556,1072
"198","55079009900",33340,"Milwaukee-Waukesha-West Allis, WI CBSA",1555908,1,1,0,53,1312,60,22,464,682,243,109,128,44,186,238,38,210,95,569,746,143
"199","55079021100",33340,"Milwaukee-Waukesha-West Allis, WI CBSA",1555908,1,1,0,1130,15,185,4,44,1378,98,322,434,219,487,109,149,42,412,286,861,217
"200","55133200103",33340,"Milwaukee-Waukesha-West Allis, WI CBSA",1555908,1,1,0,2825,97,96,72,331,2759,157,785,666,585,963,323,335,110,837,746,1690,686
"201","55079019600",33340,"Milwaukee-Waukesha-West Allis, WI CBSA",1555908,1,1,0,3008,145,351,65,276,3323,313,1037,783,535,935,836,217,205,1275,696,1892,1028
"202","55079002500",33340,"Milwaukee-Waukesha-West Allis, WI CBSA",1555908,1,1,0,127,1957,91,9,555,1642,207,483,411,78,346,478,164,251,390,735,1228,232
"203","55079150304",33340,"Milwaukee-Waukesha-West Allis, WI CBSA",1555908,1,1,0,3504,92,162,234,190,3407,139,513,931,1012,991,910,250,79,1198,771,2558,712
"204","55131450106",33340,"Milwaukee-Waukesha-West Allis, WI CBSA",1555908,1,1,0,5698,51,109,40,218,5493,283,1481,1173,995,1775,601,565,245,1535,1470,3519,955
"205","55079160202",33340,"Milwaukee-Waukesha-West Allis, WI CBSA",1555908,1,1,0,6154,162,542,310,734,6268,583,1667,1512,1194,1716,1264,687,221,1978,1727,4213,1370
"206","55079170600",33340,"Milwaukee-Waukesha-West Allis, WI CBSA",1555908,1,1,0,2719,104,422,45,548,3235,380,1163,577,484,612,970,393,149,1020,787,1986,611
"207","55079120201",33340,"Milwaukee-Waukesha-West Allis, WI CBSA",1555908,1,1,0,3222,54,172,120,179,3523,235,825,1060,732,992,808,270,79,1426,570,1921,1115
"208","55131400102",33340,"Milwaukee-Waukesha-West Allis, WI CBSA",1555908,1,1,0,3712,54,115,13,132,3569,210,1028,830,438,1218,234,363,88,895,996,2274,661
"209","55079120102",33340,"Milwaukee-Waukesha-West Allis, WI CBSA",1555908,1,1,0,3541,57,171,94,126,3713,157,897,865,908,1041,637,356,42,1281,638,2080,1173
"210","55079080100",33340,"Milwaukee-Waukesha-West Allis, WI CBSA",1555908,1,1,0,2244,117,87,179,248,2282,78,194,356,1213,609,674,175,49,1012,551,1678,451
"211","55079016000",33340,"Milwaukee-Waukesha-West Allis, WI CBSA",1555908,1,1,0,641,303,2060,227,1403,2166,897,469,478,30,383,598,231,267,491,1151,1894,265
"212","55079186200",33340,"Milwaukee-Waukesha-West Allis, WI CBSA",1555908,1,1,0,90,1186,53,78,303,904,181,214,202,60,170,299,27,156,352,419,780,223
"213","55079002600",33340,"Milwaukee-Waukesha-West Allis, WI CBSA",1555908,1,1,0,165,2540,78,22,365,2480,284,552,506,297,508,521,95,376,623,987,1509,333
"214","55079090600",33340,"Milwaukee-Waukesha-West Allis, WI CBSA",1555908,1,1,0,4059,212,188,137,258,4394,138,1059,879,1459,1348,871,357,94,1675,851,2437,1354
"215","55079014600",33340,"Milwaukee-Waukesha-West Allis, WI CBSA",1555908,1,1,0,2765,776,178,206,1266,587,104,234,153,273,22,1086,52,86,1000,200,3546,200
"216","55079021000",33340,"Milwaukee-Waukesha-West Allis, WI CBSA",1555908,1,1,0,1720,49,341,39,177,1913,189,405,558,386,717,182,240,73,560,500,1309,380
"217","55079120400",33340,"Milwaukee-Waukesha-West Allis, WI CBSA",1555908,1,1,0,5667,345,861,286,509,6342,778,1765,1695,995,1709,1496,705,186,2208,1314,4244,1754
"218","55079185800",33340,"Milwaukee-Waukesha-West Allis, WI CBSA",1555908,1,1,0,48,1362,97,94,455,1349,240,344,242,74,283,238,121,189,223,524,930,152
"219","55079091300",33340,"Milwaukee-Waukesha-West Allis, WI CBSA",1555908,1,1,0,3457,67,89,91,180,3537,147,400,548,1627,1151,432,372,47,1041,824,1959,954
"220","55079011100",33340,"Milwaukee-Waukesha-West Allis, WI CBSA",1555908,1,1,0,1224,90,76,69,323,1305,31,115,268,978,103,881,23,32,998,71,1251,159
"221","55089630202",33340,"Milwaukee-Waukesha-West Allis, WI CBSA",1555908,1,1,0,4764,155,157,59,392,4104,203,1205,919,886,1212,838,425,138,1369,1281,3060,861
"222","55133201503",33340,"Milwaukee-Waukesha-West Allis, WI CBSA",1555908,1,1,0,6013,57,167,358,118,6854,151,819,1296,2535,1940,689,753,59,1779,1468,3656,1523
"223","55079080400",33340,"Milwaukee-Waukesha-West Allis, WI CBSA",1555908,1,1,0,2738,136,99,238,758,2389,124,498,341,1281,567,1347,151,121,1608,327,2119,808
"224","55079070300",33340,"Milwaukee-Waukesha-West Allis, WI CBSA",1555908,1,1,0,3808,225,145,291,143,4693,99,353,422,2446,1382,596,466,141,1433,1111,2657,773
"225","55079016300",33340,"Milwaukee-Waukesha-West Allis, WI CBSA",1555908,1,1,0,615,627,3740,99,1914,2485,1099,640,320,134,420,931,349,353,607,1906,2916,302
"226","55079100700",33340,"Milwaukee-Waukesha-West Allis, WI CBSA",1555908,1,1,0,2572,34,157,40,62,2694,247,856,641,358,1082,140,208,126,943,591,1739,504
"227","55079017900",33340,"Milwaukee-Waukesha-West Allis, WI CBSA",1555908,1,1,0,2039,199,619,66,367,2521,445,558,592,375,483,933,132,147,1015,568,2131,304
"228","55079014300",33340,"Milwaukee-Waukesha-West Allis, WI CBSA",1555908,1,1,0,1937,120,91,127,249,2073,96,208,272,1218,207,1491,28,0,1631,42,1845,410
"229","55079015700",33340,"Milwaukee-Waukesha-West Allis, WI CBSA",1555908,1,1,0,344,402,2414,32,1185,2133,793,662,319,18,252,681,359,163,386,1108,1900,223
"230","55079010800",33340,"Milwaukee-Waukesha-West Allis, WI CBSA",1555908,1,1,0,2023,176,128,103,633,1387,57,212,334,642,297,1144,73,20,1174,104,2134,231
"231","55079003800",33340,"Milwaukee-Waukesha-West Allis, WI CBSA",1555908,1,1,0,154,1960,65,5,482,1610,272,339,548,367,485,418,134,171,582,592,1303,301
"232","55079006900",33340,"Milwaukee-Waukesha-West Allis, WI CBSA",1555908,1,1,0,105,2178,274,11,890,1425,397,478,391,43,258,574,67,301,416,971,1333,281
"233","55133203804",33340,"Milwaukee-Waukesha-West Allis, WI CBSA",1555908,1,1,0,6793,59,160,147,161,6415,146,1195,1382,1788,2351,269,768,207,1542,1778,4163,1269
"234","55079012400",33340,"Milwaukee-Waukesha-West Allis, WI CBSA",1555908,1,1,0,1262,853,218,184,196,2658,183,604,584,475,477,721,276,172,823,599,1725,268
"235","55079060200",33340,"Milwaukee-Waukesha-West Allis, WI CBSA",1555908,1,1,0,4244,1002,236,157,519,4761,321,1101,1096,1739,1681,920,346,128,2191,1049,2951,1705
"236","55079018900",33340,"Milwaukee-Waukesha-West Allis, WI CBSA",1555908,1,1,0,655,98,812,47,279,1320,300,341,226,124,272,281,217,48,321,495,957,183
"237","55089640200",33340,"Milwaukee-Waukesha-West Allis, WI CBSA",1555908,1,1,0,7305,73,157,181,159,7670,158,1418,1762,2257,2526,570,840,103,2206,1811,4313,1666
"238","55079008600",33340,"Milwaukee-Waukesha-West Allis, WI CBSA",1555908,1,1,0,4,1460,29,2,683,867,227,374,148,37,139,305,31,220,244,594,757,149
"239","55079002700",33340,"Milwaukee-Waukesha-West Allis, WI CBSA",1555908,1,1,0,194,1705,57,23,512,1221,318,417,272,28,379,362,76,222,391,652,1085,258
"240","55079050102",33340,"Milwaukee-Waukesha-West Allis, WI CBSA",1555908,1,1,0,3370,2109,227,243,618,5429,343,1011,1359,1673,1560,1276,494,222,2055,1199,3367,1443
"241","55079980000",33340,"Milwaukee-Waukesha-West Allis, WI CBSA",1555908,1,1,0,0,0,0,0,0,0,0,0,0,0,0,0,0,0,0,0,0,0
"242","55079016800",33340,"Milwaukee-Waukesha-West Allis, WI CBSA",1555908,1,1,0,387,374,2569,94,1199,1933,822,628,222,4,265,664,162,357,398,1312,1915,223
"243","55079000302",33340,"Milwaukee-Waukesha-West Allis, WI CBSA",1555908,1,1,0,367,2457,128,56,885,2160,232,423,513,412,382,591,142,387,482,1236,1609,183
"244","55079009400",33340,"Milwaukee-Waukesha-West Allis, WI CBSA",1555908,1,1,0,1871,316,166,43,404,2202,83,338,470,806,594,526,180,184,792,552,1577,294
"245","55133203404",33340,"Milwaukee-Waukesha-West Allis, WI CBSA",1555908,1,1,0,2781,83,100,45,192,2738,213,873,712,237,667,728,174,168,955,658,1827,550
"246","55133200901",33340,"Milwaukee-Waukesha-West Allis, WI CBSA",1555908,1,1,0,3604,54,49,187,94,3830,151,525,690,1431,1349,176,493,26,1009,850,1974,1108
"247","55079060102",33340,"Milwaukee-Waukesha-West Allis, WI CBSA",1555908,1,1,0,2560,346,81,114,46,3246,135,531,670,1152,1319,137,370,26,1068,569,1483,1086
"248","55079018100",33340,"Milwaukee-Waukesha-West Allis, WI CBSA",1555908,1,1,0,1436,32,115,21,106,1529,76,366,440,475,582,288,115,53,684,218,1044,375
"249","55079021600",33340,"Milwaukee-Waukesha-West Allis, WI CBSA",1555908,1,1,0,2979,162,709,377,1181,3031,391,1041,771,586,1125,488,361,182,1089,1204,2326,835
"250","55079120202",33340,"Milwaukee-Waukesha-West Allis, WI CBSA",1555908,1,1,0,2671,80,304,55,262,2738,369,976,605,373,920,721,197,56,1330,539,1840,794
"251","55079003400",33340,"Milwaukee-Waukesha-West Allis, WI CBSA",1555908,1,1,0,2123,2862,206,237,1022,4762,421,1182,1309,582,1168,1297,275,541,1772,1446,3172,915
"252","55133202500",33340,"Milwaukee-Waukesha-West Allis, WI CBSA",1555908,1,1,0,3347,98,499,21,599,3556,309,670,849,812,1106,565,341,204,1162,950,2320,728
"253","55131420402",33340,"Milwaukee-Waukesha-West Allis, WI CBSA",1555908,1,1,0,1968,9,83,26,203,2017,196,534,527,434,663,381,193,47,871,401,1031,661
"254","55079012900",33340,"Milwaukee-Waukesha-West Allis, WI CBSA",1555908,1,1,0,2151,255,424,36,558,2617,304,864,787,295,751,552,137,230,992,659,1899,384
"255","55079000102",33340,"Milwaukee-Waukesha-West Allis, WI CBSA",1555908,1,1,0,1093,2171,121,84,388,3282,338,840,976,633,819,820,108,314,1348,760,1793,954
"256","55133203601",33340,"Milwaukee-Waukesha-West Allis, WI CBSA",1555908,1,1,0,3855,36,101,71,251,3755,101,661,1056,841,978,877,423,110,1244,892,2483,727
"257","55079140201",33340,"Milwaukee-Waukesha-West Allis, WI CBSA",1555908,1,1,0,4636,91,287,132,271,4817,172,1311,1193,1311,1443,943,366,249,1728,1174,2751,1310
"258","55079018600",33340,"Milwaukee-Waukesha-West Allis, WI CBSA",1555908,1,1,0,621,236,2066,29,980,2194,669,445,280,225,357,544,349,151,372,1095,1673,232
"259","55079015900",33340,"Milwaukee-Waukesha-West Allis, WI CBSA",1555908,1,1,0,740,419,2410,171,1228,2508,1043,642,314,130,339,896,266,296,666,1205,2145,469
"260","55079186800",33340,"Milwaukee-Waukesha-West Allis, WI CBSA",1555908,1,1,0,519,426,596,57,447,694,279,293,303,40,48,599,15,103,527,302,956,356
"261","55079006300",33340,"Milwaukee-Waukesha-West Allis, WI CBSA",1555908,1,1,0,41,2327,56,34,1235,1374,347,567,410,54,267,510,41,269,614,905,1268,289
"262","55079004300",33340,"Milwaukee-Waukesha-West Allis, WI CBSA",1555908,1,1,0,121,5069,138,7,2213,2891,534,1328,848,248,1112,998,142,704,1240,1468,2866,1015
"263","55079013400",33340,"Milwaukee-Waukesha-West Allis, WI CBSA",1555908,1,1,0,229,1632,273,173,1008,2090,530,632,482,215,203,816,147,268,623,638,1433,264
"264","55079012500",33340,"Milwaukee-Waukesha-West Allis, WI CBSA",1555908,1,1,0,1661,178,91,49,204,1692,38,344,263,658,518,404,105,72,708,380,1283,351
"265","55133202302",33340,"Milwaukee-Waukesha-West Allis, WI CBSA",1555908,1,1,0,4680,448,1569,66,1090,5420,416,1378,1159,889,1365,1273,545,407,1585,2044,4094,694
"266","55133202102",33340,"Milwaukee-Waukesha-West Allis, WI CBSA",1555908,1,1,0,4131,64,273,137,457,4661,74,676,1166,1239,1344,389,544,320,965,1236,2866,548
"267","55133201402",33340,"Milwaukee-Waukesha-West Allis, WI CBSA",1555908,1,1,0,4222,54,153,186,217,4272,213,1143,989,1139,1374,737,361,107,1658,791,2467,1398
"268","55079186400",33340,"Milwaukee-Waukesha-West Allis, WI CBSA",1555908,1,1,0,1267,175,105,83,419,185,20,79,64,169,1,372,0,0,442,12,1534,97
"269","55133201701",33340,"Milwaukee-Waukesha-West Allis, WI CBSA",1555908,1,1,0,4416,13,110,29,102,4464,210,1238,915,1106,1641,186,526,93,1275,985,2607,1002
"270","55133200700",33340,"Milwaukee-Waukesha-West Allis, WI CBSA",1555908,1,1,0,3379,97,85,206,243,3578,213,860,564,1103,1380,112,334,153,982,790,2050,968
"271","55079014900",33340,"Milwaukee-Waukesha-West Allis, WI CBSA",1555908,1,1,0,502,575,256,134,664,774,99,209,156,209,35,766,39,80,509,244,1176,63
"272","55079140202",33340,"Milwaukee-Waukesha-West Allis, WI CBSA",1555908,1,1,0,5164,104,324,172,266,5469,246,1044,1228,1456,1671,625,577,210,1480,1405,2980,1427
"273","55079004700",33340,"Milwaukee-Waukesha-West Allis, WI CBSA",1555908,1,1,0,67,3859,70,11,1506,3074,487,795,766,214,679,806,113,647,862,1210,2092,719
"274","55079009800",33340,"Milwaukee-Waukesha-West Allis, WI CBSA",1555908,1,1,0,41,1165,51,170,711,865,206,353,170,75,135,292,37,283,132,557,775,101
"275","55079010600",33340,"Milwaukee-Waukesha-West Allis, WI CBSA",1555908,1,1,0,300,702,167,14,1160,595,119,322,56,95,159,269,68,165,195,370,738,84
"276","55079008900",33340,"Milwaukee-Waukesha-West Allis, WI CBSA",1555908,1,1,0,55,1307,80,18,609,603,458,489,255,26,108,297,66,151,192,518,848,96
"277","55079160100",33340,"Milwaukee-Waukesha-West Allis, WI CBSA",1555908,1,1,0,5557,158,509,203,445,5537,437,1613,1541,744,1821,1060,514,158,1980,1231,3950,1347
"278","55133202902",33340,"Milwaukee-Waukesha-West Allis, WI CBSA",1555908,1,1,0,3096,52,113,226,163,3240,156,824,714,912,825,928,287,96,1240,556,1680,1277
"279","55131440105",33340,"Milwaukee-Waukesha-West Allis, WI CBSA",1555908,1,1,0,3221,10,60,31,169,3345,65,813,815,762,1167,97,448,49,746,827,1856,655
"280","55131420106",33340,"Milwaukee-Waukesha-West Allis, WI CBSA",1555908,1,1,0,3411,39,130,17,175,3425,248,756,917,475,1000,320,350,168,849,997,2078,544
"281","55133201704",33340,"Milwaukee-Waukesha-West Allis, WI CBSA",1555908,1,1,0,4972,37,120,31,139,4846,101,864,993,1195,1587,274,625,180,981,1456,2994,756
"282","55079005600",33340,"Milwaukee-Waukesha-West Allis, WI CBSA",1555908,1,1,0,1908,142,62,54,266,1692,94,285,314,807,760,185,154,62,727,452,1355,391
"283","55079016500",33340,"Milwaukee-Waukesha-West Allis, WI CBSA",1555908,1,1,0,248,267,2044,82,1175,1731,777,421,279,37,190,557,165,283,348,946,1526,223
"284","55079008400",33340,"Milwaukee-Waukesha-West Allis, WI CBSA",1555908,1,1,0,4,1260,34,14,846,548,98,318,123,0,116,277,0,245,161,532,662,121
"285","55079130100",33340,"Milwaukee-Waukesha-West Allis, WI CBSA",1555908,1,1,0,4413,71,228,113,86,4690,175,794,932,1442,1181,897,394,160,1430,1024,2717,1128
"286","55079000400",33340,"Milwaukee-Waukesha-West Allis, WI CBSA",1555908,1,1,0,839,1375,140,50,666,1895,221,664,508,225,337,757,40,340,778,695,1449,295
"287","55079001900",33340,"Milwaukee-Waukesha-West Allis, WI CBSA",1555908,1,1,0,483,2680,121,197,1048,2412,439,738,630,92,580,664,166,443,643,1211,1925,382
"288","55079020300",33340,"Milwaukee-Waukesha-West Allis, WI CBSA",1555908,1,1,0,2103,75,1492,57,100,3420,348,702,658,928,993,446,303,106,1120,1053,2142,578
"289","55079016100",33340,"Milwaukee-Waukesha-West Allis, WI CBSA",1555908,1,1,0,734,167,2503,97,788,2455,781,638,264,96,524,461,305,163,475,1258,2010,306
"290","55133201600",33340,"Milwaukee-Waukesha-West Allis, WI CBSA",1555908,1,1,0,4852,40,108,72,125,4979,77,1057,1219,1152,1792,96,543,74,1246,1238,2762,1117
"291","55079090800",33340,"Milwaukee-Waukesha-West Allis, WI CBSA",1555908,1,1,0,2150,70,56,51,26,2251,44,211,336,982,800,207,282,25,657,579,1370,414
"292","55079002200",33340,"Milwaukee-Waukesha-West Allis, WI CBSA",1555908,1,1,0,605,1052,93,19,189,1684,144,370,420,284,436,266,184,84,437,513,1031,246
"293","55079100100",33340,"Milwaukee-Waukesha-West Allis, WI CBSA",1555908,1,1,0,2569,226,748,55,765,2992,402,811,636,510,793,760,178,385,1055,897,2384,412
"294","55079020400",33340,"Milwaukee-Waukesha-West Allis, WI CBSA",1555908,1,1,0,919,130,2061,59,374,2603,455,644,426,111,523,468,353,91,473,1083,1859,274
"295","55133201504",33340,"Milwaukee-Waukesha-West Allis, WI CBSA",1555908,1,1,0,5676,53,146,279,129,5895,66,938,1311,1802,1850,440,846,86,1287,1607,3452,1151
"296","55079013000",33340,"Milwaukee-Waukesha-West Allis, WI CBSA",1555908,1,1,0,1245,157,317,23,275,1569,147,494,464,226,407,395,144,56,694,409,1163,228
"297","55079101400",33340,"Milwaukee-Waukesha-West Allis, WI CBSA",1555908,1,1,0,3203,107,250,57,364,3048,322,987,897,449,1027,712,233,186,1323,701,2196,763
"298","55079012700",33340,"Milwaukee-Waukesha-West Allis, WI CBSA",1555908,1,1,0,1030,39,87,14,78,1050,22,199,354,243,381,170,116,42,353,207,776,206
"299","55079020100",33340,"Milwaukee-Waukesha-West Allis, WI CBSA",1555908,1,1,0,1491,359,1581,41,401,2669,499,723,692,172,629,813,259,262,890,932,1880,717
"300","55133203306",33340,"Milwaukee-Waukesha-West Allis, WI CBSA",1555908,1,1,0,5153,148,246,255,352,4920,244,1206,1303,1446,1412,1375,268,279,2217,1074,3382,1433
"301","55133204302",33340,"Milwaukee-Waukesha-West Allis, WI CBSA",1555908,1,1,0,3481,38,178,15,260,3454,197,846,894,760,991,568,265,84,1355,887,2015,853
"302","55079009000",33340,"Milwaukee-Waukesha-West Allis, WI CBSA",1555908,1,1,0,38,2309,79,106,1228,1197,279,473,385,89,178,545,42,417,364,1107,1265,172
"303","55079003000",33340,"Milwaukee-Waukesha-West Allis, WI CBSA",1555908,1,1,0,687,2705,168,195,540,3090,296,787,742,303,961,393,213,298,838,1141,2112,529
"304","55079170700",33340,"Milwaukee-Waukesha-West Allis, WI CBSA",1555908,1,1,0,2366,62,233,28,33,2445,222,733,571,320,700,413,180,147,773,669,1653,397
"305","55079017200",33340,"Milwaukee-Waukesha-West Allis, WI CBSA",1555908,1,1,0,541,84,1794,52,538,1859,408,437,346,122,448,277,308,114,319,882,1411,216
"306","55079006100",33340,"Milwaukee-Waukesha-West Allis, WI CBSA",1555908,1,1,0,186,2001,76,36,647,1460,198,439,293,324,363,381,98,233,417,860,1225,235
"307","55133204502",33340,"Milwaukee-Waukesha-West Allis, WI CBSA",1555908,1,1,0,5852,45,91,40,157,6320,88,1155,1492,1781,1899,551,622,220,1718,1370,3491,1200
"308","55131440200",33340,"Milwaukee-Waukesha-West Allis, WI CBSA",1555908,1,1,0,3757,29,201,28,400,3488,352,795,1038,371,1054,681,329,265,1100,987,2349,704
"309","55089650101",33340,"Milwaukee-Waukesha-West Allis, WI CBSA",1555908,1,1,0,6263,48,97,62,256,6436,115,700,1368,2360,2109,427,893,172,1442,1645,3520,1351
"310","55131460101",33340,"Milwaukee-Waukesha-West Allis, WI CBSA",1555908,1,1,0,5979,73,82,84,86,6232,177,1037,1389,1651,2139,133,783,75,1429,1576,3587,1099
"311","55079080300",33340,"Milwaukee-Waukesha-West Allis, WI CBSA",1555908,1,1,0,3472,87,117,152,233,3816,21,164,344,1999,1125,407,466,124,870,1001,2111,772
"312","55089660304",33340,"Milwaukee-Waukesha-West Allis, WI CBSA",1555908,1,1,0,2859,83,62,124,54,3138,0,77,310,1701,1078,26,385,64,655,928,1563,670
"313","55079001700",33340,"Milwaukee-Waukesha-West Allis, WI CBSA",1555908,1,1,0,1037,2986,125,254,710,3820,262,1148,810,384,738,895,297,509,908,1506,2481,471
"314","55133202600",33340,"Milwaukee-Waukesha-West Allis, WI CBSA",1555908,1,1,0,2856,102,460,40,802,1937,138,482,500,429,412,714,219,188,812,496,2660,342
"315","55079185500",33340,"Milwaukee-Waukesha-West Allis, WI CBSA",1555908,1,1,0,39,1607,46,8,855,1182,284,498,295,66,184,420,69,225,357,624,851,234
"316","55079090700",33340,"Milwaukee-Waukesha-West Allis, WI CBSA",1555908,1,1,0,3025,34,40,36,104,3132,88,193,444,1558,1057,199,364,44,862,875,1669,615
"317","55131420200",33340,"Milwaukee-Waukesha-West Allis, WI CBSA",1555908,1,1,0,5143,55,141,39,367,5225,333,1137,1313,1124,1771,523,503,170,1695,1263,2791,1354
"318","55079150100",33340,"Milwaukee-Waukesha-West Allis, WI CBSA",1555908,1,1,0,7280,222,518,828,310,8331,580,1558,1750,2025,2624,938,955,209,2153,2146,5018,1808
"319","55079160203",33340,"Milwaukee-Waukesha-West Allis, WI CBSA",1555908,1,1,0,4900,273,495,297,545,5243,291,1179,1281,1124,1452,1013,502,346,1491,1477,3785,807
"320","55079009100",33340,"Milwaukee-Waukesha-West Allis, WI CBSA",1555908,1,1,0,141,2112,81,70,1055,1109,189,384,319,255,237,510,28,389,304,954,1302,169
"321","55079009200",33340,"Milwaukee-Waukesha-West Allis, WI CBSA",1555908,1,1,0,380,1335,112,60,531,1530,208,541,294,134,209,419,103,244,270,667,1114,120
"322","55079006700",33340,"Milwaukee-Waukesha-West Allis, WI CBSA",1555908,1,1,0,10,1454,25,1,904,945,280,226,205,129,165,303,13,311,247,572,763,157
"323","55131420104",33340,"Milwaukee-Waukesha-West Allis, WI CBSA",1555908,1,1,0,4869,33,110,37,225,4830,285,1541,1036,878,1546,656,356,170,1765,1068,2686,1342
"324","55079150303",33340,"Milwaukee-Waukesha-West Allis, WI CBSA",1555908,1,1,0,4546,49,132,97,148,4322,154,959,949,1231,1656,497,512,90,1415,1004,2525,1327
"325","55133203802",33340,"Milwaukee-Waukesha-West Allis, WI CBSA",1555908,1,1,0,5871,29,140,42,120,6050,122,974,1650,1208,1983,65,866,65,1054,1721,3528,896
"326","55133201203",33340,"Milwaukee-Waukesha-West Allis, WI CBSA",1555908,1,1,0,2775,55,77,288,29,2712,119,543,557,1119,1142,252,241,54,971,649,1525,1059
"327","55079170400",33340,"Milwaukee-Waukesha-West Allis, WI CBSA",1555908,1,1,0,3033,43,189,41,14,3228,244,765,850,418,1147,137,414,55,813,742,1949,671
"328","55079009300",33340,"Milwaukee-Waukesha-West Allis, WI CBSA",1555908,1,1,0,1333,975,138,48,329,2280,141,441,389,600,558,487,168,200,683,671,1626,238
"329","55079004800",33340,"Milwaukee-Waukesha-West Allis, WI CBSA",1555908,1,1,0,116,3724,106,40,1924,2520,626,1086,509,149,601,776,99,606,738,1323,2172,507
"330","55079020000",33340,"Milwaukee-Waukesha-West Allis, WI CBSA",1555908,1,1,0,1594,303,1179,274,768,2313,382,612,479,526,556,941,239,201,1056,830,1915,666
"331","55079005200",33340,"Milwaukee-Waukesha-West Allis, WI CBSA",1555908,1,1,0,931,517,76,109,129,1302,84,346,330,222,526,169,138,60,474,415,1000,242
"332","55079009500",33340,"Milwaukee-Waukesha-West Allis, WI CBSA",1555908,1,1,0,1469,486,99,27,283,2103,14,241,471,800,516,362,190,118,573,510,1348,263
"333","55079014700",33340,"Milwaukee-Waukesha-West Allis, WI CBSA",1555908,1,1,0,2086,824,180,179,2098,472,178,291,262,102,21,1046,0,136,815,343,2890,58
"334","55079008500",33340,"Milwaukee-Waukesha-West Allis, WI CBSA",1555908,1,1,0,14,1262,17,12,688,730,348,285,244,20,112,336,60,149,306,476,672,161
"335","55079012200",33340,"Milwaukee-Waukesha-West Allis, WI CBSA",1555908,1,1,0,228,1256,242,822,927,1602,406,380,197,145,241,497,169,179,368,1016,1374,167
"336","55079002000",33340,"Milwaukee-Waukesha-West Allis, WI CBSA",1555908,1,1,0,284,2074,91,2,665,1669,278,509,333,104,466,486,100,287,511,783,1373,314
"337","55079006400",33340,"Milwaukee-Waukesha-West Allis, WI CBSA",1555908,1,1,0,30,2422,29,12,1444,1402,482,729,226,53,252,491,83,373,349,912,1338,260
"338","55079006800",33340,"Milwaukee-Waukesha-West Allis, WI CBSA",1555908,1,1,0,78,2662,56,5,790,1485,363,678,478,95,296,644,102,207,622,890,1517,406
"339","55089610102",33340,"Milwaukee-Waukesha-West Allis, WI CBSA",1555908,1,1,0,3419,20,155,39,171,3427,206,644,828,748,1136,235,422,82,822,987,2103,570
"340","55079017100",33340,"Milwaukee-Waukesha-West Allis, WI CBSA",1555908,1,1,0,549,72,2178,99,564,2304,744,608,127,139,429,404,203,243,470,1082,1631,224
"341","55079005000",33340,"Milwaukee-Waukesha-West Allis, WI CBSA",1555908,1,1,0,1339,3074,210,41,725,3714,262,766,1187,668,994,980,176,393,1491,1351,2802,554
"342","55133200803",33340,"Milwaukee-Waukesha-West Allis, WI CBSA",1555908,1,1,0,4108,52,69,219,185,4453,131,492,1083,1548,1634,121,521,70,1102,1031,2137,1325
"343","55079010700",33340,"Milwaukee-Waukesha-West Allis, WI CBSA",1555908,1,1,0,1384,483,268,38,824,1477,152,365,334,628,408,643,101,179,700,362,1696,150
"344","55079001800",33340,"Milwaukee-Waukesha-West Allis, WI CBSA",1555908,1,1,0,438,2518,103,81,1369,1692,469,476,455,187,450,724,157,382,612,1166,1682,305
"345","55079170300",33340,"Milwaukee-Waukesha-West Allis, WI CBSA",1555908,1,1,0,2397,69,144,14,344,2523,222,986,599,154,733,407,180,210,857,580,1597,485
"346","55079130200",33340,"Milwaukee-Waukesha-West Allis, WI CBSA",1555908,1,1,0,2634,33,105,22,292,2517,246,506,842,542,795,427,138,119,1022,578,1531,713
"347","55079020500",33340,"Milwaukee-Waukesha-West Allis, WI CBSA",1555908,1,1,0,983,66,1802,31,436,2860,696,648,435,187,566,407,291,233,537,913,1686,322
"348","55079180400",33340,"Milwaukee-Waukesha-West Allis, WI CBSA",1555908,1,1,0,2494,40,134,33,246,2556,373,848,541,389,892,378,191,83,988,503,1469,763
"349","55079000101",33340,"Milwaukee-Waukesha-West Allis, WI CBSA",1555908,1,1,0,1350,3094,164,178,1317,3049,307,1191,704,653,519,1720,81,504,1665,1318,2447,1057
"350","55131450105",33340,"Milwaukee-Waukesha-West Allis, WI CBSA",1555908,1,1,0,2497,7,51,22,41,2543,120,521,567,509,881,89,296,57,603,608,1454,526
"351","55079008700",33340,"Milwaukee-Waukesha-West Allis, WI CBSA",1555908,1,1,0,26,1346,28,0,799,779,369,238,265,10,144,301,52,138,263,549,698,163
"352","55079150301",33340,"Milwaukee-Waukesha-West Allis, WI CBSA",1555908,1,1,0,5393,76,257,132,368,4527,213,1237,1170,1132,1968,398,446,93,1463,1176,3354,1376
"353","55079007000",33340,"Milwaukee-Waukesha-West Allis, WI CBSA",1555908,1,1,0,124,2591,280,5,1037,1520,398,502,354,93,282,729,128,251,522,1069,1613,338
"354","55133200400",33340,"Milwaukee-Waukesha-West Allis, WI CBSA",1555908,1,1,0,5657,408,134,318,172,6402,197,943,1151,2087,2176,166,945,38,1325,1778,3541,1263
"355","55133203500",33340,"Milwaukee-Waukesha-West Allis, WI CBSA",1555908,1,1,0,6307,26,97,77,94,6609,77,971,1201,2298,2175,189,863,87,1410,1747,3531,1285
"356","55079185400",33340,"Milwaukee-Waukesha-West Allis, WI CBSA",1555908,1,1,0,30,1531,58,16,1078,622,281,294,242,37,167,358,47,259,213,594,879,166
"357","55079013600",33340,"Milwaukee-Waukesha-West Allis, WI CBSA",1555908,1,1,0,417,1750,246,39,1424,1243,600,324,406,209,123,1059,50,206,920,469,1489,531
"358","55079070100",33340,"Milwaukee-Waukesha-West Allis, WI CBSA",1555908,1,1,0,4006,57,148,99,91,4111,44,261,311,2189,1443,147,618,79,861,1401,2303,669
"359","55089650200",33340,"Milwaukee-Waukesha-West Allis, WI CBSA",1555908,1,1,0,4770,52,95,89,235,4906,131,718,1116,1483,1245,917,664,87,1403,1252,2731,1055
"360","55079091200",33340,"Milwaukee-Waukesha-West Allis, WI CBSA",1555908,1,1,0,4151,177,135,170,387,4155,145,555,738,1737,916,1447,289,122,1920,749,2888,1062
"361","55133201900",33340,"Milwaukee-Waukesha-West Allis, WI CBSA",1555908,1,1,0,4905,17,97,107,10,4827,167,980,779,1388,1657,163,607,133,1020,1331,2865,973
"362","55133203602",33340,"Milwaukee-Waukesha-West Allis, WI CBSA",1555908,1,1,0,5529,67,144,95,358,5408,169,1108,1206,1180,1506,599,838,135,1080,1767,3331,799
"363","55079014800",33340,"Milwaukee-Waukesha-West Allis, WI CBSA",1555908,1,1,0,1206,870,129,177,809,963,200,282,279,129,49,1027,23,120,681,242,2028,133
"364","55133203406",33340,"Milwaukee-Waukesha-West Allis, WI CBSA",1555908,1,1,0,6217,33,87,42,61,6486,150,1187,1397,1504,2143,70,925,55,1165,1701,3741,983
"365","55079021300",33340,"Milwaukee-Waukesha-West Allis, WI CBSA",1555908,1,1,0,1069,134,387,14,282,1410,172,440,370,203,284,471,117,37,623,359,787,485
"366","55133201101",33340,"Milwaukee-Waukesha-West Allis, WI CBSA",1555908,1,1,0,4041,70,149,333,246,4799,78,532,822,2026,1502,319,634,106,1162,1111,2446,1099
"367","55079002800",33340,"Milwaukee-Waukesha-West Allis, WI CBSA",1555908,1,1,0,181,1922,71,60,929,1392,165,466,421,102,313,487,69,316,418,778,1253,221
"368","55079100500",33340,"Milwaukee-Waukesha-West Allis, WI CBSA",1555908,1,1,0,2913,174,341,55,461,2757,279,898,664,584,796,772,136,139,1218,752,2190,615
"369","55131440104",33340,"Milwaukee-Waukesha-West Allis, WI CBSA",1555908,1,1,0,5084,95,316,53,505,4942,294,1447,905,675,1595,601,674,284,1068,1484,3042,1088
"370","55079186100",33340,"Milwaukee-Waukesha-West Allis, WI CBSA",1555908,1,1,0,90,1744,111,297,895,1463,417,395,413,51,167,665,49,313,472,872,1197,206
"371","55079011300",33340,"Milwaukee-Waukesha-West Allis, WI CBSA",1555908,1,1,0,1521,140,74,68,407,949,105,202,234,505,241,761,0,35,889,52,1304,473
"372","55133203403",33340,"Milwaukee-Waukesha-West Allis, WI CBSA",1555908,1,1,0,5229,37,102,102,42,5437,218,1065,1150,1305,1997,47,778,27,1262,1467,2888,1149
"373","55079004600",33340,"Milwaukee-Waukesha-West Allis, WI CBSA",1555908,1,1,0,21,2853,60,30,974,2274,339,945,387,134,447,659,153,284,740,868,1604,512
"374","55079003300",33340,"Milwaukee-Waukesha-West Allis, WI CBSA",1555908,1,1,0,1206,3374,198,351,476,4653,449,1249,908,526,987,902,329,441,1135,1658,2873,651
"375","55133203000",33340,"Milwaukee-Waukesha-West Allis, WI CBSA",1555908,1,1,0,2174,155,263,27,270,1554,241,860,585,207,529,458,135,54,795,379,1846,416
"376","55079170100",33340,"Milwaukee-Waukesha-West Allis, WI CBSA",1555908,1,1,0,2404,45,187,16,133,2745,179,531,683,621,757,394,225,153,748,561,1579,549
"377","55131400104",33340,"Milwaukee-Waukesha-West Allis, WI CBSA",1555908,1,1,0,5477,53,69,63,337,4822,412,1245,1055,817,1827,328,558,128,1285,1467,3185,1063
"378","55079002100",33340,"Milwaukee-Waukesha-West Allis, WI CBSA",1555908,1,1,0,191,2157,108,7,697,1469,261,695,354,67,330,650,122,200,674,741,1487,246
"379","55079186500",33340,"Milwaukee-Waukesha-West Allis, WI CBSA",1555908,1,1,0,508,142,969,15,400,1061,309,254,288,195,185,556,35,77,641,377,1096,194
"380","55131470203",33340,"Milwaukee-Waukesha-West Allis, WI CBSA",1555908,1,1,0,3822,156,110,116,435,4069,258,1111,768,913,1059,1022,243,261,1647,881,2501,860
"381","55133201403",33340,"Milwaukee-Waukesha-West Allis, WI CBSA",1555908,1,1,0,3798,75,145,195,52,3804,82,856,642,1262,1318,626,339,124,1316,836,2544,885
"382","55131420105",33340,"Milwaukee-Waukesha-West Allis, WI CBSA",1555908,1,1,0,4178,103,261,42,687,3595,393,870,1026,422,1131,584,413,282,1116,1230,2859,582
"383","55133204200",33340,"Milwaukee-Waukesha-West Allis, WI CBSA",1555908,1,1,0,6767,61,247,62,169,6387,195,1248,1415,1570,1899,864,890,14,1637,1943,3951,1303
"384","55133203803",33340,"Milwaukee-Waukesha-West Allis, WI CBSA",1555908,1,1,0,3826,12,76,6,156,4071,91,872,920,757,1276,146,543,114,761,1026,2265,654
"385","55131440103",33340,"Milwaukee-Waukesha-West Allis, WI CBSA",1555908,1,1,0,4554,48,156,29,275,4239,205,898,1289,692,1342,493,508,159,1153,1310,2698,819
"386","55079002300",33340,"Milwaukee-Waukesha-West Allis, WI CBSA",1555908,1,1,0,160,4102,128,4,851,3182,622,862,787,314,799,950,202,397,1171,1328,2282,796
"387","55079011400",33340,"Milwaukee-Waukesha-West Allis, WI CBSA",1555908,1,1,0,865,149,64,41,148,778,49,18,64,517,265,419,44,30,543,88,977,72
"388","55079000600",33340,"Milwaukee-Waukesha-West Allis, WI CBSA",1555908,1,1,0,1755,3517,198,777,909,5353,702,1596,1093,534,1344,840,428,577,1211,1874,3269,1147
"389","55133200804",33340,"Milwaukee-Waukesha-West Allis, WI CBSA",1555908,1,1,0,3178,47,89,270,220,3459,193,441,822,1231,1052,532,405,23,1234,833,1744,1047
"390","55079014100",33340,"Milwaukee-Waukesha-West Allis, WI CBSA",1555908,1,1,0,205,1231,101,7,722,481,122,292,113,86,3,642,6,220,273,572,904,75
"391","55131440106",33340,"Milwaukee-Waukesha-West Allis, WI CBSA",1555908,1,1,0,3625,7,60,20,106,3648,70,875,873,821,1331,74,413,86,930,838,2115,794
"392","55079187200",33340,"Milwaukee-Waukesha-West Allis, WI CBSA",1555908,1,1,0,3547,1301,252,238,93,3342,656,1286,946,1161,1193,253,335,64,958,854,3752,778
"393","55079003700",33340,"Milwaukee-Waukesha-West Allis, WI CBSA",1555908,1,1,0,391,1812,79,23,257,2057,182,470,465,239,565,339,131,206,530,682,1320,313
"394","55131470202",33340,"Milwaukee-Waukesha-West Allis, WI CBSA",1555908,1,1,0,5805,161,127,141,224,5791,160,1394,1277,1296,1980,425,640,196,1455,1539,3589,1150
"395","55079070200",33340,"Milwaukee-Waukesha-West Allis, WI CBSA",1555908,1,1,0,4819,63,106,123,97,4812,39,132,416,2622,1679,101,724,60,941,1655,2640,877
"396","55079016200",33340,"Milwaukee-Waukesha-West Allis, WI CBSA",1555908,1,1,0,661,265,2243,153,994,2544,944,639,191,105,371,557,369,150,398,1153,1858,355
"397","55079000900",33340,"Milwaukee-Waukesha-West Allis, WI CBSA",1555908,1,1,0,655,2842,119,57,1156,2556,207,751,807,321,521,834,215,471,642,1405,1893,396
"398","55079003500",33340,"Milwaukee-Waukesha-West Allis, WI CBSA",1555908,1,1,0,497,2570,166,156,423,2944,301,746,727,438,855,384,174,280,788,1042,1886,482
"399","55079018400",33340,"Milwaukee-Waukesha-West Allis, WI CBSA",1555908,1,1,0,1102,55,218,7,206,1119,84,244,247,489,372,258,40,60,542,294,950,160
"400","55079007600",33340,"Milwaukee-Waukesha-West Allis, WI CBSA",1555908,1,1,0,2964,112,69,108,864,2338,52,232,444,1360,363,1374,72,35,1617,119,2364,792
"401","55079008100",33340,"Milwaukee-Waukesha-West Allis, WI CBSA",1555908,1,1,0,123,961,235,1,823,662,225,487,29,105,120,392,44,136,437,429,757,145
"402","55079187400",33340,"Milwaukee-Waukesha-West Allis, WI CBSA",1555908,1,1,0,2031,133,79,82,213,1765,29,164,432,991,593,800,14,19,1124,60,2112,169
"403","55079101100",33340,"Milwaukee-Waukesha-West Allis, WI CBSA",1555908,1,1,0,1599,44,98,55,192,1663,103,568,371,270,440,473,106,70,746,305,1128,379
"404","55079005800",33340,"Milwaukee-Waukesha-West Allis, WI CBSA",1555908,1,1,0,2182,1015,161,34,284,3173,194,524,593,1086,906,624,310,167,1034,891,2114,425
"405","55133202101",33340,"Milwaukee-Waukesha-West Allis, WI CBSA",1555908,1,1,0,3678,43,133,200,7,3781,83,416,736,1263,1365,46,547,50,734,1204,2255,635
"406","55079019000",33340,"Milwaukee-Waukesha-West Allis, WI CBSA",1555908,1,1,0,3181,248,946,100,318,4306,249,1180,1012,814,1294,648,428,227,1333,1097,2708,740
"407","55079101800",33340,"Milwaukee-Waukesha-West Allis, WI CBSA",1555908,1,1,0,2278,81,175,92,224,2475,251,924,608,491,878,412,116,36,1154,465,1391,793
"408","55079101500",33340,"Milwaukee-Waukesha-West Allis, WI CBSA",1555908,1,1,0,3566,200,507,29,731,3896,272,1216,1031,549,1093,853,335,322,1271,1052,2816,552
"409","55079001100",33340,"Milwaukee-Waukesha-West Allis, WI CBSA",1555908,1,1,0,317,2387,66,11,402,2338,152,571,491,254,339,727,57,534,579,966,1582,252
"410","55079019100",33340,"Milwaukee-Waukesha-West Allis, WI CBSA",1555908,1,1,0,2289,298,780,161,673,2497,395,648,419,732,677,806,230,85,1136,757,2196,631
"411","55079120203",33340,"Milwaukee-Waukesha-West Allis, WI CBSA",1555908,1,1,0,2870,140,337,122,207,3164,238,691,826,602,759,969,263,114,1213,607,2073,849
"412","55133201300",33340,"Milwaukee-Waukesha-West Allis, WI CBSA",1555908,1,1,0,4346,78,184,210,364,4434,143,1023,1032,1256,1641,403,494,141,1424,1093,2766,996
"413","55079185200",33340,"Milwaukee-Waukesha-West Allis, WI CBSA",1555908,1,1,0,4230,179,571,89,473,4675,634,1130,1074,660,1260,1090,313,225,1742,918,3090,1141
"414","55079018200",33340,"Milwaukee-Waukesha-West Allis, WI CBSA",1555908,1,1,0,1448,29,93,15,27,1710,40,141,316,756,475,289,143,13,652,265,1050,293
"415","55079021800",33340,"Milwaukee-Waukesha-West Allis, WI CBSA",1555908,1,1,0,1709,88,332,56,10,1947,113,467,542,311,475,385,144,94,609,538,1226,459
"416","55079990000",33340,"Milwaukee-Waukesha-West Allis, WI CBSA",1555908,1,1,0,0,0,0,0,0,0,0,0,0,0,0,0,0,0,0,0,0,0
"417","55133201201",33340,"Milwaukee-Waukesha-West Allis, WI CBSA",1555908,1,1,0,1851,59,44,139,58,2070,56,189,333,830,522,226,356,33,328,518,1129,472
"418","55079013300",33340,"Milwaukee-Waukesha-West Allis, WI CBSA",1555908,1,1,0,439,325,166,111,293,756,248,212,144,108,178,267,89,46,327,299,648,119
"419","55079180300",33340,"Milwaukee-Waukesha-West Allis, WI CBSA",1555908,1,1,0,2617,204,424,48,774,2487,426,790,541,258,672,693,310,155,752,878,2040,453
"420","55079019200",33340,"Milwaukee-Waukesha-West Allis, WI CBSA",1555908,1,1,0,2476,129,474,46,173,3235,329,932,604,429,1051,416,317,134,1054,645,1907,634
"421","55133200202",33340,"Milwaukee-Waukesha-West Allis, WI CBSA",1555908,1,1,0,3808,165,59,144,57,4108,167,748,920,1178,1366,530,385,121,1370,814,2431,961
"422","55089630201",33340,"Milwaukee-Waukesha-West Allis, WI CBSA",1555908,1,1,0,4503,42,109,30,326,4470,247,912,1142,1135,1642,317,437,172,1365,1026,2530,1187
"423","55079021500",33340,"Milwaukee-Waukesha-West Allis, WI CBSA",1555908,1,1,0,2106,35,439,156,0,2634,194,700,531,406,902,130,237,85,683,739,1432,653
"424","55133203704",33340,"Milwaukee-Waukesha-West Allis, WI CBSA",1555908,1,1,0,4241,28,89,46,104,4503,82,493,789,1734,1447,297,500,136,1163,1120,2467,882
"425","55133200600",33340,"Milwaukee-Waukesha-West Allis, WI CBSA",1555908,1,1,0,1647,61,89,24,163,1623,199,529,448,155,491,404,99,68,656,324,1068,449
"426","55133203200",33340,"Milwaukee-Waukesha-West Allis, WI CBSA",1555908,1,1,0,3902,26,60,78,98,4196,93,671,856,1417,1394,219,331,157,1124,929,2290,887
"427","55133202400",33340,"Milwaukee-Waukesha-West Allis, WI CBSA",1555908,1,1,0,4424,71,397,73,229,4341,121,810,952,1240,1379,416,462,235,1183,1123,2949,931
"428","55133201202",33340,"Milwaukee-Waukesha-West Allis, WI CBSA",1555908,1,1,0,5020,127,140,682,341,5894,114,642,644,3007,1829,552,630,90,1687,1461,2866,1705
"429","55079080200",33340,"Milwaukee-Waukesha-West Allis, WI CBSA",1555908,1,1,0,2863,128,144,176,287,3131,87,268,625,1337,699,960,314,78,1241,659,2209,500
"430","55089640100",33340,"Milwaukee-Waukesha-West Allis, WI CBSA",1555908,1,1,0,5385,69,145,37,352,5166,193,1090,1478,1033,1561,976,594,135,1702,1221,3253,1226
"431","55089650102",33340,"Milwaukee-Waukesha-West Allis, WI CBSA",1555908,1,1,0,2640,17,35,38,131,2760,133,401,468,956,832,328,291,54,851,661,1511,589
